MATERIAL_NAME,WATER_PERMEATION,DOI,WATER_FLUX,WATER_FLUX/PORE_AREA,WATER_FLUX/PORE_AREA_CORRECTED,MEMBRANE_AREA,WATER_FLUX_LOG,SALT_REJECTION,PORE_AREA,PORE_AREA_CORRECTED,APPLIED_PRESSURE,SALT_CONCENTRATION,Membrane_Element_1,Membrane_Element_2,No_of_Membrane_Element_1,No_of_Membrane_Element_2,Pore_Element_1,Pore_Element_2,No_of_Pore_Atom_1,No_of_Pore_Atom_2,Water_Model
NANOPOROUS GRAPHENE,0.0067,DOI: 10.1021/nl3012853 ,0.653384,417.053617,0.093611582,9,-0.425590267,100,1.41,9.841425859,97.52,72,C,0,1,0,H,0,12,0,TIP4P
NANOPOROUS GRAPHENE,0.0067,DOI: 10.1021/nl3012853 ,0.791806,505.4080851,0.113443568,9,-0.233438867,100,1.41,9.841425859,118.18,72,C,0,1,0,H,0,12,0,TIP4P
NANOPOROUS GRAPHENE,0.0067,DOI: 10.1021/nl3012853 ,0.991131,632.6368085,0.142001244,9,-0.008908564,100,1.41,9.841425859,147.93,72,C,0,1,0,H,0,12,0,TIP4P
NANOPOROUS GRAPHENE,0.0067,DOI: 10.1021/nl3012853 ,1.187709,758.1121277,0.170165351,9,0.172026241,100,1.41,9.841425859,177.27,72,C,0,1,0,H,0,12,0,TIP4P
NANOPOROUS GRAPHENE,0.0067,DOI: 10.1021/nl3012853 ,1.483916,947.1804255,0.212603498,9,0.394684539,100,1.41,9.841425859,221.48,72,C,0,1,0,H,0,12,0,TIP4P
NANOPOROUS GRAPHENE,7.918,DOI: 10.1021/nl3012853 ,772.16336,30084.28675,390.7982709,9,6.649196134,100,23.1,45.64240669,97.52,72,C,0,1,0,H,0,12,0,TIP4P
NANOPOROUS GRAPHENE,7.918,DOI: 10.1021/nl3012853 ,935.74924,36457.7626,473.5904395,9,6.841347535,100,23.1,45.64240669,118.18,72,C,0,1,0,H,0,12,0,TIP4P
NANOPOROUS GRAPHENE,7.918,DOI: 10.1021/nl3012853 ,1171.30974,45635.44442,592.8095593,9,7.065877838,100,23.1,45.64240669,147.93,72,C,0,1,0,H,0,12,0,TIP4P
NANOPOROUS GRAPHENE,7.918,DOI: 10.1021/nl3012853 ,1403.62386,54686.6439,710.3856592,9,7.246812643,100,23.1,45.64240669,177.27,72,C,0,1,0,H,0,12,0,TIP4P
NANOPOROUS GRAPHENE,7.918,DOI: 10.1021/nl3012853 ,1753.67864,68325.14182,887.5512823,9,7.469470941,100,23.1,45.64240669,221.48,72,C,0,1,0,H,0,12,0,TIP4P
NANOPOROUS GRAPHENE,35.768,DOI: 10.1021/nl3012853 ,3488.09536,61845.66241,2150.235457,9,8.157111124,83.51,50.76,82.34248015,97.52,72,C,0,1,0,H,0,12,0,TIP4P
NANOPOROUS GRAPHENE,35.768,DOI: 10.1021/nl3012853 ,4227.06224,74947.91206,2605.771394,9,8.349262525,57.92,50.76,82.34248015,118.18,72,C,0,1,0,H,0,12,0,TIP4P
NANOPOROUS GRAPHENE,35.768,DOI: 10.1021/nl3012853 ,5291.16024,93814.89787,3261.734323,9,8.573792828,69.42,50.76,82.34248015,147.93,72,C,0,1,0,H,0,12,0,TIP4P
NANOPOROUS GRAPHENE,35.768,DOI: 10.1021/nl3012853 ,6340.59336,112421.8681,3908.657091,9,8.754727633,57.73,50.76,82.34248015,177.27,72,C,0,1,0,H,0,12,0,TIP4P
NANOPOROUS GRAPHENE,35.768,DOI: 10.1021/nl3012853 ,7921.89664,140459.1603,4883.451078,9,8.977385931,43.39,50.76,82.34248015,221.48,72,C,0,1,0,H,0,12,0,TIP4P
NANOPOROUS GRAPHENE,8.84,DOI: 10.1021/nl3012853 ,862.0768,47599.33252,347.4783525,9,6.759344362,100,16.3,40.43950289,97.52,72,C,0,1,0,O,H,6,12,TIP4P
NANOPOROUS GRAPHENE,8.84,DOI: 10.1021/nl3012853 ,1044.7112,57683.44049,421.093024,9,6.951495763,100,16.3,40.43950289,118.18,72,C,0,1,0,O,H,6,12,TIP4P
NANOPOROUS GRAPHENE,8.84,DOI: 10.1021/nl3012853 ,1307.7012,72204.36074,527.0967256,9,7.176026066,100,16.3,40.43950289,147.93,72,C,0,1,0,O,H,6,12,TIP4P
NANOPOROUS GRAPHENE,8.84,DOI: 10.1021/nl3012853 ,1567.0668,86525.16074,631.639536,9,7.356960871,100,16.3,40.43950289,177.27,72,C,0,1,0,O,H,6,12,TIP4P
NANOPOROUS GRAPHENE,8.84,DOI: 10.1021/nl3012853 ,1957.8832,108103.9804,789.1663814,9,7.579619169,100,16.3,40.43950289,221.48,72,C,0,1,0,O,H,6,12,TIP4P
NANOPOROUS GRAPHENE,21.11,DOI: 10.1021/nl3012853 ,2058.6472,66863.31577,991.2955893,9,7.629804347,96.69,27.71,57.54601809,97.52,72,C,0,1,0,O,H,6,12,TIP4P
NANOPOROUS GRAPHENE,21.11,DOI: 10.1021/nl3012853 ,2494.7798,81028.57524,1201.305504,9,7.821955748,96.78,27.71,57.54601809,118.18,72,C,0,1,0,O,H,6,12,TIP4P
NANOPOROUS GRAPHENE,21.11,DOI: 10.1021/nl3012853 ,3122.8023,101426.2746,1503.715715,9,8.046486051,94.42,27.71,57.54601809,147.93,72,C,0,1,0,O,H,6,12,TIP4P
NANOPOROUS GRAPHENE,21.11,DOI: 10.1021/nl3012853 ,3742.1697,121542.8629,1801.958256,9,8.227420856,82.96,27.71,57.54601809,177.27,72,C,0,1,0,O,H,6,12,TIP4P
NANOPOROUS GRAPHENE,21.11,DOI: 10.1021/nl3012853 ,4675.4428,151854.8726,2251.355077,9,8.450079154,89.98,27.71,57.54601809,221.48,72,C,0,1,0,O,H,6,12,TIP4P
NANOPOROUS GRAPHENE,88.76,DOI: 10.1021/nl3012853 ,8655.8752,126199.3792,5157.278059,9,9.065993583,51.92,61.73,103.6064315,97.52,72,C,0,1,0,O,H,6,12,TIP4P
NANOPOROUS GRAPHENE,88.76,DOI: 10.1021/nl3012853 ,10489.6568,152935.2198,6249.867935,9,9.258144984,47.47,61.73,103.6064315,118.18,72,C,0,1,0,O,H,6,12,TIP4P
NANOPOROUS GRAPHENE,88.76,DOI: 10.1021/nl3012853 ,13130.2668,191434.3127,7823.176202,9,9.482675287,45.55,61.73,103.6064315,147.93,72,C,0,1,0,O,H,6,12,TIP4P
NANOPOROUS GRAPHENE,88.76,DOI: 10.1021/nl3012853 ,15734.4852,229402.8297,9374.801902,9,9.663610092,31.14,61.73,103.6064315,177.27,72,C,0,1,0,O,H,6,12,TIP4P
NANOPOROUS GRAPHENE,88.76,DOI: 10.1021/nl3012853 ,19658.5648,286614.4228,11712.81731,9,9.88626839,33.84,61.73,103.6064315,221.48,72,C,0,1,0,O,H,6,12,TIP4P
NANOPOROUS GRAPHENE,4.01245509,https://doi.org/10.1016/j.matchemphys.2018.10.063,100.3113772,12778.51939,29.09287253,9,4.60827912,100,7.065,24.35991424,25,35.064,C,0,1,0,F,H,6,6,TIP3P
NANOPOROUS GRAPHENE,2.897245509,https://doi.org/10.1016/j.matchemphys.2018.10.063,144.8622754,18453.79304,42.01377581,9,4.975783466,100,7.065,24.35991424,50,35.064,C,0,1,0,F,H,6,6,TIP3P
NANOPOROUS GRAPHENE,9.059640719,https://doi.org/10.1016/j.matchemphys.2018.10.063,679.4730539,86557.07693,197.0646152,9,6.521317577,100,7.065,24.35991424,75,35.064,C,0,1,0,F,H,6,6,TIP3P
NANOPOROUS GRAPHENE,11.09173653,https://doi.org/10.1016/j.matchemphys.2018.10.063,1109.173653,141296.0068,321.6888114,9,7.01137056,100,7.065,24.35991424,100,35.064,C,0,1,0,F,H,6,6,TIP3P
NANOPOROUS GRAPHENE,9.597700599,https://doi.org/10.1016/j.matchemphys.2018.10.063,1199.712575,152829.6274,347.9474212,9,7.089837286,100,7.065,24.35991424,125,35.064,C,0,1,0,F,H,6,6,TIP3P
NANOPOROUS GRAPHENE,8.463712575,https://doi.org/10.1016/j.matchemphys.2018.10.063,1269.556886,161726.9918,368.2040631,9,7.14642321,98,7.065,24.35991424,150,35.064,C,0,1,0,F,H,6,6,TIP3P
NANOPOROUS GRAPHENE,13.0491018,https://doi.org/10.1016/j.matchemphys.2018.10.063,326.2275449,18470.06624,132.1391244,9,5.787595128,98,15.89625,39.24495969,25,35.064,C,0,1,0,F,H,9,9,TIP3P
NANOPOROUS GRAPHENE,11.85916168,https://doi.org/10.1016/j.matchemphys.2018.10.063,592.9580838,33571.58295,240.1788666,9,6.385123712,97,15.89625,39.24495969,50,35.064,C,0,1,0,F,H,9,9,TIP3P
NANOPOROUS GRAPHENE,14.69700599,https://doi.org/10.1016/j.matchemphys.2018.10.063,1102.275449,62407.66873,446.4788916,9,7.005131912,95,15.89625,39.24495969,75,35.064,C,0,1,0,F,H,9,9,TIP3P
NANOPOROUS GRAPHENE,15.48646707,https://doi.org/10.1016/j.matchemphys.2018.10.063,1548.646707,87679.92679,627.2824691,9,7.345136736,93,15.89625,39.24495969,100,35.064,C,0,1,0,F,H,9,9,TIP3P
NANOPOROUS GRAPHENE,13.64924551,https://doi.org/10.1016/j.matchemphys.2018.10.063,1706.155689,96597.63278,691.0817996,9,7.441997984,91,15.89625,39.24495969,125,35.064,C,0,1,0,F,H,9,9,TIP3P
NANOPOROUS GRAPHENE,12.25964072,https://doi.org/10.1016/j.matchemphys.2018.10.063,1838.946108,104115.8448,744.8688264,9,7.516947919,90,15.89625,39.24495969,150,35.064,C,0,1,0,F,H,9,9,TIP3P
NANOPOROUS GRAPHENE,23.184,https://doi.org/10.1016/j.carbon.2017.01.099,231.84,3861.262139,231.84,8.791,5.446047479,92.5,52.7834,52.7834,10,33,C,0,1,0,H,0,12,0,TIP3P
NANOPOROUS GRAPHENE,18.5568,https://doi.org/10.1016/j.carbon.2017.01.099,927.84,15453.04289,927.84,8.791,6.832859304,92.5,52.7834,52.7834,50,33,C,0,1,0,H,0,12,0,TIP3P
NANOPOROUS GRAPHENE,16.32,https://doi.org/10.1016/j.carbon.2017.01.099,1632,27180.72727,1632,8.791,7.397561536,92.5,52.7834,52.7834,100,33,C,0,1,0,H,0,12,0,TIP3P
NANOPOROUS GRAPHENE,18.8256,https://doi.org/10.1016/j.carbon.2017.01.099,2823.84,47030.65252,2823.84,8.791,7.94585294,92.5,52.7834,52.7834,150,33,C,0,1,0,H,0,12,0,TIP3P
NANOPOROUS GRAPHENE,19.3992,https://doi.org/10.1016/j.carbon.2017.01.099,3879.84,64618.18193,3879.84,8.791,8.263549195,92.5,52.7834,52.7834,200,33,C,0,1,0,H,0,12,0,TIP3P
NANOPOROUS GRAPHENE,15.984,https://doi.org/10.1016/j.carbon.2017.01.099,159.84,4109.284624,159.84,8.791,5.074173315,93,34.1946,34.1946,10,33,C,0,1,0,O,H,4,8,TIP3P
NANOPOROUS GRAPHENE,11.52,https://doi.org/10.1016/j.carbon.2017.01.099,576,14808.23288,576,8.791,6.356107661,93,34.1946,34.1946,50,33,C,0,1,0,O,H,4,8,TIP3P
NANOPOROUS GRAPHENE,13.68,https://doi.org/10.1016/j.carbon.2017.01.099,1368,35169.55309,1368,8.791,7.221105098,93,34.1946,34.1946,100,33,C,0,1,0,O,H,4,8,TIP3P
NANOPOROUS GRAPHENE,14.24,https://doi.org/10.1016/j.carbon.2017.01.099,2136,54913.86359,2136,8.791,7.6666902,93,34.1946,34.1946,150,33,C,0,1,0,O,H,4,8,TIP3P
NANOPOROUS GRAPHENE,15.12,https://doi.org/10.1016/j.carbon.2017.01.099,3024,77743.22261,3024,8.791,8.014335737,93,34.1946,34.1946,200,33,C,0,1,0,O,H,4,8,TIP3P
NANOPOROUS GRAPHENE,2.4,https://doi.org/10.1016/j.carbon.2017.01.099,24,857.0453659,24,8.791,3.17805383,100,24.6176,24.6176,10,33,C,0,1,0,H,0,10,0,TIP3P
NANOPOROUS GRAPHENE,4.32,https://doi.org/10.1016/j.carbon.2017.01.099,216,7713.408293,216,8.791,5.375278408,100,24.6176,24.6176,50,33,C,0,1,0,H,0,10,0,TIP3P
NANOPOROUS GRAPHENE,4.1592,https://doi.org/10.1016/j.carbon.2017.01.099,415.92,14852.59619,415.92,8.791,6.030492934,100,24.6176,24.6176,100,33,C,0,1,0,H,0,10,0,TIP3P
NANOPOROUS GRAPHENE,4,https://doi.org/10.1016/j.carbon.2017.01.099,600,21426.13415,600,8.791,6.396929655,100,24.6176,24.6176,150,33,C,0,1,0,H,0,10,0,TIP3P
NANOPOROUS GRAPHENE,4.44,https://doi.org/10.1016/j.carbon.2017.01.099,888,31710.67854,888,8.791,6.788971743,100,24.6176,24.6176,200,33,C,0,1,0,H,0,10,0,TIP3P
NANOPOROUS GRAPHENE,3.192,https://doi.org/10.1016/j.carbon.2017.01.099,31.92,1689.335244,31.92,8.791,3.463232773,100,16.6106,16.6106,10,33,C,0,1,0,O,H,3,7,TIP3P
NANOPOROUS GRAPHENE,4.32,https://doi.org/10.1016/j.carbon.2017.01.099,216,11431.59188,216,8.791,5.375278408,100,16.6106,16.6106,50,33,C,0,1,0,O,H,3,7,TIP3P
NANOPOROUS GRAPHENE,4.8792,https://doi.org/10.1016/j.carbon.2017.01.099,487.92,25822.69587,487.92,8.791,6.190151458,100,16.6106,16.6106,100,33,C,0,1,0,O,H,3,7,TIP3P
NANOPOROUS GRAPHENE,5.12,https://doi.org/10.1016/j.carbon.2017.01.099,768,40645.66,768,8.791,6.643789733,100,16.6106,16.6106,150,33,C,0,1,0,O,H,3,7,TIP3P
NANOPOROUS GRAPHENE,4.8792,https://doi.org/10.1016/j.carbon.2017.01.099,975.84,51645.39174,975.84,8.791,6.883298639,100,16.6106,16.6106,200,33,C,0,1,0,O,H,3,7,TIP3P
NANOPOROUS GRAPHENE,4.8,https://doi.org/10.1016/j.carbon.2017.01.099,48,1987.939547,48,8.791,3.871201011,100,21.2264,21.2264,10,33,C,0,1,0,H,0,9,0,TIP3P
NANOPOROUS GRAPHENE,1.92,https://doi.org/10.1016/j.carbon.2017.01.099,96,3975.879094,96,8.791,4.564348191,100,21.2264,21.2264,50,33,C,0,1,0,H,0,9,0,TIP3P
NANOPOROUS GRAPHENE,1.92,https://doi.org/10.1016/j.carbon.2017.01.099,192,7951.758188,192,8.791,5.257495372,100,21.2264,21.2264,100,33,C,0,1,0,H,0,9,0,TIP3P
NANOPOROUS GRAPHENE,2.5056,https://doi.org/10.1016/j.carbon.2017.01.099,375.84,15565.56665,375.84,8.791,5.929163521,100,21.2264,21.2264,150,33,C,0,1,0,H,0,9,0,TIP3P
NANOPOROUS GRAPHENE,2.4396,https://doi.org/10.1016/j.carbon.2017.01.099,487.92,20207.4055,487.92,8.791,6.190151458,100,21.2264,21.2264,200,33,C,0,1,0,H,0,9,0,TIP3P
NANOPOROUS GRAPHENE,6.384,https://doi.org/10.1016/j.carbon.2017.01.099,63.84,4951.015756,63.84,8.791,4.156379953,100,11.3354,11.3354,10,33,C,0,1,0,O,H,4,5,TIP3P
NANOPOROUS GRAPHENE,2.0784,https://doi.org/10.1016/j.carbon.2017.01.099,103.92,8059.360234,103.92,8.791,4.643621372,100,11.3354,11.3354,50,33,C,0,1,0,O,H,4,5,TIP3P
NANOPOROUS GRAPHENE,3.2784,https://doi.org/10.1016/j.carbon.2017.01.099,327.84,25425.14106,327.84,8.791,5.792525684,100,11.3354,11.3354,100,33,C,0,1,0,O,H,4,5,TIP3P
NANOPOROUS GRAPHENE,3.3056,https://doi.org/10.1016/j.carbon.2017.01.099,495.84,38454.12989,495.84,8.791,6.206253294,100,11.3354,11.3354,150,33,C,0,1,0,O,H,4,5,TIP3P
NANOPOROUS GRAPHENE,3.2796,https://doi.org/10.1016/j.carbon.2017.01.099,655.92,50868.89497,655.92,8.791,6.48603883,100,11.3354,11.3354,200,33,C,0,1,0,O,H,4,5,TIP3P
NANOPOROUS GRAPHENE,11.15733972,https://doi.org/10.1016/j.memsci.2015.08.052,557.8669862,10521.22807,424.7015958,11.72696,6.324120558,100,62.17985,81.67637198,50,35.064,C,0,1,0,N,0,12,0,SPC/E
NANOPOROUS GRAPHENE,11.27713596,https://doi.org/10.1016/j.memsci.2015.08.052,1466.027675,27648.9054,1116.080192,11.72696,7.29031176,99.64,62.17985,81.67637198,130,35.064,C,0,1,0,N,0,12,0,SPC/E
NANOPOROUS GRAPHENE,10.96322231,https://doi.org/10.1016/j.memsci.2015.08.052,2192.644461,41352.71135,1669.250242,11.72696,7.692863611,93.26,62.17985,81.67637198,200,35.064,C,0,1,0,N,0,12,0,SPC/E
NANOPOROUS GRAPHENE,11.01608018,https://doi.org/10.1016/j.memsci.2015.08.052,2919.261248,55056.51732,2222.420293,11.72696,7.979085866,88.31,62.17985,81.67637198,265,35.064,C,0,1,0,N,0,12,0,SPC/E
NANOPOROUS GRAPHENE,11.12766061,https://doi.org/10.1016/j.memsci.2015.08.052,3672.128003,69255.39094,2795.574324,11.72696,8.20852661,82.95,62.17985,81.67637198,330,35.064,C,0,1,0,N,0,12,0,SPC/E
NANOPOROUS GRAPHENE,10.93123705,https://doi.org/10.1016/j.memsci.2015.08.052,4372.49482,82464.12922,3328.760392,11.72696,8.383089022,77.19,62.17985,81.67637198,400,35.064,C,0,1,0,N,0,12,0,SPC/E
NANOPOROUS GRAPHENE,10.99235657,https://doi.org/10.1016/j.memsci.2015.08.052,5825.948981,109875.9014,4435.268425,11.72696,8.67007718,66.74,62.17985,81.67637198,530,35.064,C,0,1,0,N,0,12,0,SPC/E
NANOPOROUS GRAPHENE,6.458815878,https://doi.org/10.1016/j.memsci.2015.08.052,322.9407939,7353.06928,252.5096583,11.72696,5.777469006,100,51.50385,65.86953672,50,35.064,C,0,1,0,N,H,6,6,SPC/E
NANOPOROUS GRAPHENE,6.057685132,https://doi.org/10.1016/j.memsci.2015.08.052,787.4990671,17930.64025,615.751011,11.72696,6.668862186,99.43,51.50385,65.86953672,130,35.064,C,0,1,0,N,H,6,6,SPC/E
NANOPOROUS GRAPHENE,5.873154807,https://doi.org/10.1016/j.memsci.2015.08.052,1174.630961,26745.28272,918.4521379,11.72696,7.068709302,96.08,51.50385,65.86953672,200,35.064,C,0,1,0,N,H,6,6,SPC/E
NANOPOROUS GRAPHENE,7.25692814,https://doi.org/10.1016/j.memsci.2015.08.052,1923.085957,43786.92485,1503.674318,11.72696,7.561686444,92.93,51.50385,65.86953672,265,35.064,C,0,1,0,N,H,6,6,SPC/E
NANOPOROUS GRAPHENE,6.9612217,https://doi.org/10.1016/j.memsci.2015.08.052,2297.203161,52305.23462,1796.199168,11.72696,7.739447645,89.38,51.50385,65.86953672,330,35.064,C,0,1,0,N,H,6,6,SPC/E
NANOPOROUS GRAPHENE,7.516535213,https://doi.org/10.1016/j.memsci.2015.08.052,3006.614085,68457.87861,2350.892515,11.72696,8.008569836,86.03,51.50385,65.86953672,400,35.064,C,0,1,0,N,H,6,6,SPC/E
NANOPOROUS GRAPHENE,2.84849829,https://doi.org/10.1016/j.memsci.2015.08.052,1509.704094,34374.59437,1180.448157,11.72696,7.319668946,79.33,51.50385,65.86953672,530,35.064,C,0,1,0,N,H,6,6,SPC/E
NANOPOROUS GRAPHENE,4.367641885,https://doi.org/10.1016/j.memsci.2015.08.052,218.3820942,5097.448414,170.261453,11.72696,5.386246254,100,50.24,64.43922697,50,35.064,C,0,1,0,N,H,3,9,SPC/E
NANOPOROUS GRAPHENE,4.852935427,https://doi.org/10.1016/j.memsci.2015.08.052,630.8816056,14725.96209,491.8664198,11.72696,6.447118215,99.43,50.24,64.43922697,130,35.064,C,0,1,0,N,H,3,9,SPC/E
NANOPOROUS GRAPHENE,4.958817655,https://doi.org/10.1016/j.memsci.2015.08.052,991.763531,23149.62432,773.2277704,11.72696,6.899484703,96.08,50.24,64.43922697,200,35.064,C,0,1,0,N,H,3,9,SPC/E
NANOPOROUS GRAPHENE,4.908706727,https://doi.org/10.1016/j.memsci.2015.08.052,1300.807283,30363.28618,1014.173524,11.72696,7.170740338,92.93,50.24,64.43922697,265,35.064,C,0,1,0,N,H,3,9,SPC/E
NANOPOROUS GRAPHENE,4.997320283,https://doi.org/10.1016/j.memsci.2015.08.052,1649.115693,38493.45893,1285.731942,11.72696,7.40799448,89.38,50.24,64.43922697,330,35.064,C,0,1,0,N,H,3,9,SPC/E
NANOPOROUS GRAPHENE,5.057530773,https://doi.org/10.1016/j.memsci.2015.08.052,2023.012309,47220.90849,1577.240187,11.72696,7.612342922,86.03,50.24,64.43922697,400,35.064,C,0,1,0,N,H,3,9,SPC/E
NANOPOROUS GRAPHENE,5.057291456,https://doi.org/10.1016/j.memsci.2015.08.052,2680.364472,62564.74313,2089.744359,11.72696,7.893708061,79.33,50.24,64.43922697,530,35.064,C,0,1,0,N,H,3,9,SPC/E
NANOPOROUS GRAPHENE,4.363230125,https://doi.org/10.1016/j.memsci.2015.08.052,218.1615063,5793.905184,162.118857,11.72696,5.385235643,100,44.15625,59.4205646,50,35.064,C,0,1,0,N,O,6,3,SPC/E
NANOPOROUS GRAPHENE,4.048637738,https://doi.org/10.1016/j.memsci.2015.08.052,526.3229059,13978.01594,391.1178894,11.72696,6.265914914,99.63,44.15625,59.4205646,130,35.064,C,0,1,0,N,O,6,3,SPC/E
NANOPOROUS GRAPHENE,3.979407051,https://doi.org/10.1016/j.memsci.2015.08.052,795.8814101,21136.91598,591.4305721,11.72696,6.679450192,98.49,44.15625,59.4205646,200,35.064,C,0,1,0,N,O,6,3,SPC/E
NANOPOROUS GRAPHENE,4.317697438,https://doi.org/10.1016/j.memsci.2015.08.052,1144.189821,30387.24589,850.2634084,11.72696,7.042452086,98.15,44.15625,59.4205646,265,35.064,C,0,1,0,N,O,6,3,SPC/E
NANOPOROUS GRAPHENE,4.245315826,https://doi.org/10.1016/j.memsci.2015.08.052,1400.954223,37206.36181,1041.068615,11.72696,7.244908871,97.83,44.15625,59.4205646,330,35.064,C,0,1,0,N,O,6,3,SPC/E
NANOPOROUS GRAPHENE,4.144296561,https://doi.org/10.1016/j.memsci.2015.08.052,1657.718624,44025.4777,1231.873822,11.72696,7.413197613,97.29,44.15625,59.4205646,400,35.064,C,0,1,0,N,O,6,3,SPC/E
NANOPOROUS GRAPHENE,4.244445582,https://doi.org/10.1016/j.memsci.2015.08.052,2249.556159,59743.42272,1671.676545,11.72696,7.718488213,96.23,44.15625,59.4205646,530,35.064,C,0,1,0,N,O,6,3,SPC/E
NANOPOROUS GRAPHENE,3.847054266,https://doi.org/10.1016/j.memsci.2015.08.052,192.3527133,4723.075614,149.0717194,11.72696,5.259330735,100,47.7594,61.62570748,50,35.064,C,0,1,0,H,0,12,0,SPC/E
NANOPOROUS GRAPHENE,3.648185723,https://doi.org/10.1016/j.memsci.2015.08.052,474.264144,11645.1979,367.5506844,11.72696,6.161764432,99.22,47.7594,61.62570748,130,35.064,C,0,1,0,H,0,12,0,SPC/E
NANOPOROUS GRAPHENE,3.588966337,https://doi.org/10.1016/j.memsci.2015.08.052,717.7932673,17624.87161,556.283687,11.72696,6.576181599,97.89,47.7594,61.62570748,200,35.064,C,0,1,0,H,0,12,0,SPC/E
NANOPOROUS GRAPHENE,3.67757611,https://doi.org/10.1016/j.memsci.2015.08.052,974.557669,23929.52759,755.273918,11.72696,6.881983695,96.55,47.7594,61.62570748,265,35.064,C,0,1,0,H,0,12,0,SPC/E
NANOPOROUS GRAPHENE,3.691840546,https://doi.org/10.1016/j.memsci.2015.08.052,1218.30738,29914.61767,944.1778742,11.72696,7.105217781,95.21,47.7594,61.62570748,330,35.064,C,0,1,0,H,0,12,0,SPC/E
NANOPOROUS GRAPHENE,3.719664711,https://doi.org/10.1016/j.memsci.2015.08.052,1487.865884,36533.42317,1153.083426,11.72696,7.30509808,94.67,47.7594,61.62570748,400,35.064,C,0,1,0,H,0,12,0,SPC/E
NANOPOROUS GRAPHENE,3.751244169,https://doi.org/10.1016/j.memsci.2015.08.052,1988.159409,48817.75287,1540.806659,11.72696,7.59496457,92.2,47.7594,61.62570748,530,35.064,C,0,1,0,H,0,12,0,SPC/E
NANOPOROUS GRAPHENE,8.14,https://doi.org/10.1016/j.commatsci.2017.07.032,407,23106.2734,300.8489128,18.8292,6.008813185,100,33.16625,44.86858079,50,201.67,C,0,1,0,O,H,6,12,SPC/E
NANOPOROUS GRAPHENE,8.14,https://doi.org/10.1016/j.commatsci.2017.07.032,814,46212.54679,601.6978256,18.8292,6.701960366,100,33.16625,44.86858079,100,201.67,C,0,1,0,O,H,6,12,SPC/E
NANOPOROUS GRAPHENE,8.14,https://doi.org/10.1016/j.commatsci.2017.07.032,1628,92425.09358,1203.395651,18.8292,7.395107547,100,33.16625,44.86858079,200,201.67,C,0,1,0,O,H,6,12,SPC/E
NANOPOROUS GRAPHENE,8.14,https://doi.org/10.1016/j.commatsci.2017.07.032,2442,138637.6404,1805.093477,18.8292,7.800572655,100,33.16625,44.86858079,300,201.67,C,0,1,0,O,H,6,12,SPC/E
NANOPOROUS GRAPHENE,15.97,https://doi.org/10.1016/j.commatsci.2017.07.032,798.5,28906.02157,625.0635514,18.8292,6.682734968,94.93,52.013786,66.44605661,50,201.67,C,0,1,0,N,H,6,6,SPC/E
NANOPOROUS GRAPHENE,15.97,https://doi.org/10.1016/j.commatsci.2017.07.032,1597,57812.04314,1250.127103,18.8292,7.375882148,93.6,52.013786,66.44605661,100,201.67,C,0,1,0,N,H,6,6,SPC/E
NANOPOROUS GRAPHENE,15.97,https://doi.org/10.1016/j.commatsci.2017.07.032,3194,115624.0863,2500.254205,18.8292,8.069029329,86.31,52.013786,66.44605661,200,201.67,C,0,1,0,N,H,6,6,SPC/E
NANOPOROUS GRAPHENE,15.97,https://doi.org/10.1016/j.commatsci.2017.07.032,4791,173436.1294,3750.381308,18.8292,8.474494437,86.72,52.013786,66.44605661,300,201.67,C,0,1,0,N,H,6,6,SPC/E
NANOPOROUS GRAPHENE,16.5,https://doi.org/10.1016/j.commatsci.2017.07.032,825,18871.92696,606.758227,18.8292,6.715383386,98.09,82.313216,111.920037,50,201.67,C,0,1,0,B,0,12,0,SPC/E
NANOPOROUS GRAPHENE,16.5,https://doi.org/10.1016/j.commatsci.2017.07.032,1650,37743.85392,1213.516454,18.8292,7.408530567,98,82.313216,111.920037,100,201.67,C,0,1,0,B,0,12,0,SPC/E
NANOPOROUS GRAPHENE,16.5,https://doi.org/10.1016/j.commatsci.2017.07.032,3300,75487.70783,2427.032908,18.8292,8.101677747,89.95,82.313216,111.920037,200,201.67,C,0,1,0,B,0,12,0,SPC/E
NANOPOROUS GRAPHENE,16.5,https://doi.org/10.1016/j.commatsci.2017.07.032,4950,113231.5617,3640.549362,18.8292,8.507142856,80.08,82.313216,111.920037,300,201.67,C,0,1,0,B,0,12,0,SPC/E
NANOPOROUS GRAPHENE OXIDE,12.33628743,https://doi.org/10.1016/j.apsusc.2017.09.071,1233.628743,36775.94795,672.0629959,9,7.117715303,98,30.19,55.41631065,100,35.064,C,O,4,1,H,0,12,0,TIP3P
NANOPOROUS GRAPHENE OXIDE,9.005988024,https://doi.org/10.1016/j.apsusc.2017.09.071,1350.898204,40271.89081,735.9496925,9,7.208524986,98,30.19,55.41631065,150,35.064,C,O,4,1,H,0,12,0,TIP3P
NANOPOROUS GRAPHENE OXIDE,7.616766467,https://doi.org/10.1016/j.apsusc.2017.09.071,1523.353293,45412.98323,829.9007166,9,7.328669298,98,30.19,55.41631065,200,35.064,C,O,4,1,H,0,12,0,TIP3P
NANOPOROUS GRAPHENE OXIDE,19.16167665,https://doi.org/10.1016/j.apsusc.2017.09.071,689.8203593,20564.36977,375.8040982,9,6.536431215,100,30.19,55.41631065,36,35.064,C,O,4,1,H,0,12,0,TIP3P
NANOPOROUS GRAPHENE OXIDE,20.75848303,https://doi.org/10.1016/j.apsusc.2017.09.071,747.3053892,25457.03445,392.8023339,9,6.616473922,100,26.42,50.26397931,36,35.064,C,O,4,1,H,O,6,6,TIP3P
NANOPOROUS GRAPHENE OXIDE,12.93413174,https://doi.org/10.1016/j.apsusc.2017.09.071,1293.413174,44060.25195,679.8501934,9,7.165039875,93,26.42,50.26397931,100,35.064,C,O,4,1,H,O,6,6,TIP3P
NANOPOROUS GRAPHENE OXIDE,10.53892216,https://doi.org/10.1016/j.apsusc.2017.09.071,1580.838323,53851.41903,830.9280138,9,7.365710569,91,26.42,50.26397931,150,35.064,C,O,4,1,H,O,6,6,TIP3P
NANOPOROUS GRAPHENE OXIDE,8.622754491,https://doi.org/10.1016/j.apsusc.2017.09.071,1724.550898,58747.00258,906.4669242,9,7.452721947,96,26.42,50.26397931,200,35.064,C,O,4,1,H,O,6,6,TIP3P
NANOPOROUS GRAPHENE OXIDE,27.14570858,https://doi.org/10.1016/j.apsusc.2017.09.071,977.245509,13826.77186,631.0233771,9,6.884737909,100,63.61,98.51075108,36,35.064,C,O,4,1,H,0,12,0,TIP3P
NANOPOROUS GRAPHENE OXIDE,15.9348503,https://doi.org/10.1016/j.apsusc.2017.09.071,1593.48503,22545.77153,1028.939295,9,7.373678739,94,63.61,98.51075108,100,35.064,C,O,4,1,H,0,12,0,TIP3P
NANOPOROUS GRAPHENE OXIDE,12.43017964,https://doi.org/10.1016/j.apsusc.2017.09.071,1864.526946,26380.66737,1203.955484,9,7.530762652,93,63.61,98.51075108,150,35.064,C,O,4,1,H,0,12,0,TIP3P
NANOPOROUS GRAPHENE OXIDE,10.79568862,https://doi.org/10.1016/j.apsusc.2017.09.071,2159.137725,30549.03242,1394.190473,9,7.67746422,95,63.61,98.51075108,200,35.064,C,O,4,1,H,0,12,0,TIP3P
NANOPOROUS GRAPHENE OXIDE,33.49301397,https://doi.org/10.1016/j.apsusc.2017.09.071,1205.748503,20548.63951,749.5837568,9,7.094855817,100,52.81,84.94791658,36,35.064,C,O,4,1,H,O,6,6,TIP3P
NANOPOROUS GRAPHENE OXIDE,19.11377246,https://doi.org/10.1016/j.apsusc.2017.09.071,1911.377246,32574.12462,1188.255538,9,7.555579332,96,52.81,84.94791658,100,35.064,C,O,4,1,H,O,6,6,TIP3P
NANOPOROUS GRAPHENE OXIDE,13.61437126,https://doi.org/10.1016/j.apsusc.2017.09.071,2042.155689,34802.88052,1269.557233,9,7.621761239,89,52.81,84.94791658,150,35.064,C,O,4,1,H,O,6,6,TIP3P
NANOPOROUS GRAPHENE OXIDE,11.09892216,https://doi.org/10.1016/j.apsusc.2017.09.071,2219.784431,37830.06983,1379.98459,9,7.705165367,92,52.81,84.94791658,200,35.064,C,O,4,1,H,O,6,6,TIP3P
NANOPOROUS GRAPHENE OXIDE,21.15449102,https://doi.org/10.1016/j.matchemphys.2018.10.063,105.7724551,13474.1981,30.67672521,9,4.661290137,100,7.065,24.35991424,5,35.064,C,O,4,1,H,F,6,6,TIP3P
NANOPOROUS GRAPHENE OXIDE,25.60958084,https://doi.org/10.1016/j.matchemphys.2018.10.063,256.0958084,32623.66986,74.27435369,9,5.545551626,100,7.065,24.35991424,10,35.064,C,O,4,1,H,F,6,6,TIP3P
NANOPOROUS GRAPHENE OXIDE,20.25772455,https://doi.org/10.1016/j.matchemphys.2018.10.063,506.4431138,64515.04634,146.8814941,9,6.227412005,100,7.065,24.35991424,25,35.064,C,O,4,1,H,F,6,6,TIP3P
NANOPOROUS GRAPHENE OXIDE,18.55616766,https://doi.org/10.1016/j.matchemphys.2018.10.063,927.8083832,118192.1507,269.0882309,9,6.832825228,100,7.065,24.35991424,50,35.064,C,O,4,1,H,F,6,6,TIP3P
NANOPOROUS GRAPHENE OXIDE,14.52838323,https://doi.org/10.1016/j.matchemphys.2018.10.063,1089.628743,138806.2093,316.0202861,9,6.993592314,100,7.065,24.35991424,75,35.064,C,O,4,1,H,F,6,6,TIP3P
NANOPOROUS GRAPHENE OXIDE,12.64095808,https://doi.org/10.1016/j.matchemphys.2018.10.063,1264.095808,161031.3131,366.6202103,9,7.142112369,100,7.065,24.35991424,100,35.064,C,O,4,1,H,F,6,6,TIP3P
NANOPOROUS GRAPHENE OXIDE,11.57288623,https://doi.org/10.1016/j.matchemphys.2018.10.063,1446.610778,184281.6278,419.5542334,9,7.276978705,100,7.065,24.35991424,125,35.064,C,O,4,1,H,F,6,6,TIP3P
NANOPOROUS GRAPHENE OXIDE,10.83592814,https://doi.org/10.1016/j.matchemphys.2018.10.063,1625.389222,207055.9518,471.4045681,9,7.393502587,100,7.065,24.35991424,150,35.064,C,O,4,1,H,F,6,6,TIP3P
NANOPOROUS GRAPHENE OXIDE,30.35209581,https://doi.org/10.1016/j.matchemphys.2018.10.063,151.760479,8592.242265,61.47088781,9,5.022303482,100,15.89625,39.24495969,5,35.064,C,O,4,1,H,F,9,9,TIP3P
NANOPOROUS GRAPHENE OXIDE,80.85269461,https://doi.org/10.1016/j.matchemphys.2018.10.063,808.5269461,45776.47253,327.4954686,9,6.695214007,100,15.89625,39.24495969,10,35.064,C,O,4,1,H,F,9,9,TIP3P
NANOPOROUS GRAPHENE OXIDE,39.84862275,https://doi.org/10.1016/j.matchemphys.2018.10.063,996.2155689,56402.86307,403.5191235,9,6.903963669,100,15.89625,39.24495969,25,35.064,C,O,4,1,H,F,9,9,TIP3P
NANOPOROUS GRAPHENE OXIDE,23.16071856,https://doi.org/10.1016/j.matchemphys.2018.10.063,1158.035928,65564.66684,469.064786,9,7.054480684,100,15.89625,39.24495969,50,35.064,C,O,4,1,H,F,9,9,TIP3P
NANOPOROUS GRAPHENE OXIDE,19.04670659,https://doi.org/10.1016/j.matchemphys.2018.10.063,1428.502994,80877.73498,578.618016,9,7.264382318,97,15.89625,39.24495969,75,35.064,C,O,4,1,H,F,9,9,TIP3P
NANOPOROUS GRAPHENE OXIDE,16.95233533,https://doi.org/10.1016/j.matchemphys.2018.10.063,1695.233533,95979.25169,686.6577583,9,7.435575788,95,15.89625,39.24495969,100,35.064,C,O,4,1,H,F,9,9,TIP3P
NANOPOROUS GRAPHENE OXIDE,15.6603018,https://doi.org/10.1016/j.matchemphys.2018.10.063,1957.537725,110830.1614,792.9045998,9,7.5794427,94,15.89625,39.24495969,125,35.064,C,O,4,1,H,F,9,9,TIP3P
NANOPOROUS GRAPHENE OXIDE,13.9611976,https://doi.org/10.1016/j.matchemphys.2018.10.063,2094.179641,118566.434,848.2516832,9,7.646917176,94,15.89625,39.24495969,150,35.064,C,O,4,1,H,F,9,9,TIP3P
MOLYBDENUM DISULPHIDE,13.56467066,https://doi.org/10.1038/ncomms9616 ,678.2335329,19233.84709,304.2003238,16,6.519491672,100,56.42,125.7918974,50,58.44,Mo,S,1,2,Mo,0,12,0,SPC/F
MOLYBDENUM DISULPHIDE,12.29065868,https://doi.org/10.1038/ncomms9616,1229.065868,34854.75698,551.2588464,16,7.114009703,100,56.42,125.7918974,100,58.44,Mo,S,1,2,Mo,0,12,0,SPC/F
MOLYBDENUM DISULPHIDE,11.76359281,https://doi.org/10.1038/ncomms9616,1764.538922,50040.09704,791.4284466,16,7.475644701,93,56.42,125.7918974,150,58.44,Mo,S,1,2,Mo,0,12,0,SPC/F
MOLYBDENUM DISULPHIDE,10.57753293,https://doi.org/10.1038/ncomms9616,2644.383234,74991.3714,1186.054946,16,7.880193135,92,56.42,125.7918974,250,58.44,Mo,S,1,2,Mo,0,12,0,SPC/F
MOLYBDENUM DISULPHIDE,9.82855432,https://doi.org/10.1038/ncomms9616,3439.994012,97553.88903,1542.901142,16,8.14322501,90,56.42,125.7918974,350,58.44,Mo,S,1,2,Mo,0,12,0,SPC/F
MOLYBDENUM DISULPHIDE,9.129233533,https://doi.org/10.1038/ncomms9616,456.4616766,12728.10531,226.0009585,16,6.123504746,100,57.38,115.8923005,50,58.44,Mo,S,1,2,S,0,12,0,SPC/F
MOLYBDENUM DISULPHIDE,9.309341317,https://doi.org/10.1038/ncomms9616,930.9341317,25958.42821,460.9193211,16,6.836188525,100,57.38,115.8923005,100,58.44,Mo,S,1,2,S,0,12,0,SPC/F
MOLYBDENUM DISULPHIDE,8.959041916,https://doi.org/10.1038/ncomms9616,1343.856287,37472.4653,665.3632157,16,7.203298586,100,57.38,115.8923005,150,58.44,Mo,S,1,2,S,0,12,0,SPC/F
MOLYBDENUM DISULPHIDE,7.976479042,https://doi.org/10.1038/ncomms9616,1994.11976,55604.59421,987.3183233,16,7.597958009,95,57.38,115.8923005,250,58.44,Mo,S,1,2,S,0,12,0,SPC/F
MOLYBDENUM DISULPHIDE,7.336886228,https://doi.org/10.1038/ncomms9616,2567.91018,71604.32708,1271.410486,16,7.850847688,94,57.38,115.8923005,350,58.44,Mo,S,1,2,S,0,12,0,SPC/F
MOLYBDENUM DISULPHIDE,10.8097006,https://doi.org/10.1038/ncomms9616,540.4850299,15595.6005,252.5356125,16,6.29246694,100,55.45,118.6759151,50,58.44,Mo,S,1,2,Mo,S,6,6,SPC/F
MOLYBDENUM DISULPHIDE,9.842874251,https://doi.org/10.1038/ncomms9616,984.2874251,28401.44058,459.8973404,16,6.891917953,100,55.45,118.6759151,100,58.44,Mo,S,1,2,Mo,S,6,6,SPC/F
MOLYBDENUM DISULPHIDE,9.877365269,https://doi.org/10.1038/ncomms9616,1481.60479,42751.4457,692.2633421,16,7.300881097,94,55.45,118.6759151,150,58.44,Mo,S,1,2,Mo,S,6,6,SPC/F
MOLYBDENUM DISULPHIDE,9.04742515,https://doi.org/10.1038/ncomms9616,2261.856287,65265.46545,1056.827167,16,7.723941121,93,55.45,118.6759151,250,58.44,Mo,S,1,2,Mo,S,6,6,SPC/F
MOLYBDENUM DISULPHIDE,8.56100941,https://doi.org/10.1038/ncomms9616,2996.353293,86459.24741,1400.012715,16,8.005151259,88,55.45,118.6759151,350,58.44,Mo,S,1,2,Mo,S,6,6,SPC/F
MOLYBDENUM DISULPHIDE,3.57,DOI: 10.1039/c6cp01967f,142.8,1428,142.8,7.53914,4.96144505,96.21,75.3914,75.3914,40,35.064,Mo,S,1,2,Mo,S,3,3,SPC/E
MOLYBDENUM DISULPHIDE,3.57,DOI: 10.1039/c6cp01967f,357,3570,357,7.53914,5.877735782,94.31,75.3914,75.3914,100,35.064,Mo,S,1,2,Mo,S,3,3,SPC/E
MOLYBDENUM DISULPHIDE,3.57,DOI: 10.1039/c6cp01967f,535.5,5355,535.5,7.53914,6.28320089,93.68,75.3914,75.3914,150,35.064,Mo,S,1,2,Mo,S,3,3,SPC/E
MOLYBDENUM DISULPHIDE,3.57,DOI: 10.1039/c6cp01967f,892.5,8925,892.5,7.53914,6.794026514,91.15,75.3914,75.3914,250,35.064,Mo,S,1,2,Mo,S,3,3,SPC/E
MOLYBDENUM DISULPHIDE,3.57,DOI: 10.1039/c6cp01967f,1071,10710,1071,7.53914,6.97634807,89.89,75.3914,75.3914,300,35.064,Mo,S,1,2,Mo,S,3,3,SPC/E
MOLYBDENUM DISULPHIDE,4.27,DOI: 10.1039/c6cp01967f,170.8,1708,170.8,4.29866,5.140493281,100,42.9866,42.9866,40,35.064,Mo,S,1,2,Mo,S,6,6,SPC/E
MOLYBDENUM DISULPHIDE,4.27,DOI: 10.1039/c6cp01967f,427,4270,427,4.29866,6.056784013,100,42.9866,42.9866,100,35.064,Mo,S,1,2,Mo,S,6,6,SPC/E
MOLYBDENUM DISULPHIDE,4.27,DOI: 10.1039/c6cp01967f,640.5,6405,640.5,4.29866,6.462249121,100,42.9866,42.9866,150,35.064,Mo,S,1,2,Mo,S,6,6,SPC/E
MOLYBDENUM DISULPHIDE,4.27,DOI: 10.1039/c6cp01967f,1067.5,10675,1067.5,4.29866,6.973074745,100,42.9866,42.9866,250,35.064,Mo,S,1,2,Mo,S,6,6,SPC/E
MOLYBDENUM DISULPHIDE,4.27,DOI: 10.1039/c6cp01967f,1281,12810,1281,4.29866,7.155396302,100,42.9866,42.9866,300,35.064,Mo,S,1,2,Mo,S,6,6,SPC/E
MOLYBDENUM DISULPHIDE,31.2,DOI: 10.1039/c6cp01967f,1248,12480,1248,14.306625,7.129297549,36.84,143.06625,143.06625,40,35.064,Mo,S,1,2,Mo,S,6,6,SPC/E
MOLYBDENUM DISULPHIDE,31.2,DOI: 10.1039/c6cp01967f,3120,31200,3120,14.306625,8.045588281,31.78,143.06625,143.06625,100,35.064,Mo,S,1,2,Mo,S,6,6,SPC/E
MOLYBDENUM DISULPHIDE,31.2,DOI: 10.1039/c6cp01967f,4680,46800,4680,14.306625,8.451053389,24.63,143.06625,143.06625,150,35.064,Mo,S,1,2,Mo,S,6,6,SPC/E
MOLYBDENUM DISULPHIDE,31.2,DOI: 10.1039/c6cp01967f,7800,78000,7800,14.306625,8.961879013,16,143.06625,143.06625,250,35.064,Mo,S,1,2,Mo,S,6,6,SPC/E
MOLYBDENUM DISULPHIDE,31.2,DOI: 10.1039/c6cp01967f,9360,93600,9360,14.306625,9.144200569,12.84,143.06625,143.06625,300,35.064,Mo,S,1,2,Mo,S,6,6,SPC/E
MOLYBDENUM DISULPHIDE,0.91508982,https://doi.org/10.1016/j.memsci.2019.117611,45.75449102,2440.239521,17.23366745,16,3.823289951,100,30,79.64844015,50,29.22,Mo,S,1,2,Mo,S,12,24,TIP3P
MOLYBDENUM DISULPHIDE,1.219041916,https://doi.org/10.1016/j.memsci.2019.117611,121.9041916,6501.556885,45.91584897,16,4.803235421,100,30,79.64844015,100,29.22,Mo,S,1,2,Mo,S,12,24,TIP3P
MOLYBDENUM DISULPHIDE,0.91508982,https://doi.org/10.1016/j.memsci.2019.117611,137.2634731,7320.718565,51.70100237,16,4.92190224,100,30,79.64844015,150,29.22,Mo,S,1,2,Mo,S,12,24,TIP3P
MOLYBDENUM DISULPHIDE,0.853652695,https://doi.org/10.1016/j.memsci.2019.117611,213.4131737,11382.03593,80.38318389,16,5.363230069,100,30,79.64844015,250,29.22,Mo,S,1,2,Mo,S,12,24,TIP3P
MOLYBDENUM DISULPHIDE,0.958511548,https://doi.org/10.1016/j.memsci.2019.117611,335.4790419,17892.21557,126.3599292,16,5.815559486,100,30,79.64844015,350,29.22,Mo,S,1,2,Mo,S,12,24,TIP3P
MOLYBDENUM DISULPHIDE,3.10742515,https://doi.org/10.1016/j.memsci.2019.117611,155.3712575,5925.959762,66.17697561,16,5.045817463,100,41.95,98.49081485,50,29.22,Mo,S,1,2,Mo,S,12,24,TIP3P
MOLYBDENUM DISULPHIDE,2.020958084,https://doi.org/10.1016/j.memsci.2019.117611,202.0958084,7708.064206,86.07827212,16,5.308741884,100,41.95,98.49081485,100,29.22,Mo,S,1,2,Mo,S,12,24,TIP3P
MOLYBDENUM DISULPHIDE,2.383113772,https://doi.org/10.1016/j.memsci.2019.117611,357.4670659,13634.02397,152.2552477,16,5.879043235,100,41.95,98.49081485,150,29.22,Mo,S,1,2,Mo,S,12,24,TIP3P
MOLYBDENUM DISULPHIDE,1.491952096,https://doi.org/10.1016/j.memsci.2019.117611,372.988024,14226.0033,158.866059,16,5.921546312,100,41.95,98.49081485,250,29.22,Mo,S,1,2,Mo,S,12,24,TIP3P
MOLYBDENUM DISULPHIDE,2.043130881,https://doi.org/10.1016/j.memsci.2019.117611,715.0958084,27274.21438,304.5793581,16,6.572416531,100,41.95,98.49081485,350,29.22,Mo,S,1,2,Mo,S,12,24,TIP3P
MOLYBDENUM DISULPHIDE,5.691017964,https://doi.org/10.1016/j.memsci.2019.117611,284.5508982,6842.221778,140.5996065,16,5.650912142,100,66.54,134.6662145,50,29.22,Mo,S,1,2,Mo,S,12,24,TIP3P
MOLYBDENUM DISULPHIDE,6.208383234,https://doi.org/10.1016/j.memsci.2019.117611,620.8383234,14928.48388,306.7627779,16,6.431070699,100,66.54,134.6662145,100,29.22,Mo,S,1,2,Mo,S,12,24,TIP3P
MOLYBDENUM DISULPHIDE,5.971257485,https://doi.org/10.1016/j.memsci.2019.117611,895.6886228,21537.4481,442.569216,16,6.797592833,100,66.54,134.6662145,150,29.22,Mo,S,1,2,Mo,S,12,24,TIP3P
MOLYBDENUM DISULPHIDE,5.32239521,https://doi.org/10.1016/j.memsci.2019.117611,1330.598802,31995.16206,657.4629326,16,7.193384347,100,66.54,134.6662145,250,29.22,Mo,S,1,2,Mo,S,12,24,TIP3P
MOLYBDENUM DISULPHIDE,5.302994012,https://doi.org/10.1016/j.memsci.2019.117611,1856.047904,44629.94659,917.0928879,16,7.526204723,80.52,66.54,134.6662145,350,29.22,Mo,S,1,2,Mo,S,12,24,TIP3P
MOLYBDENUM DISELENIDE,0.620838323,https://doi.org/10.1016/j.memsci.2019.117611,31.04191617,1655.568862,11.4633075,16,3.435338426,100,30,81.23811429,50,29.22,Mo,Se,1,2,Mo,Se,12,24,TIP3P
MOLYBDENUM DISELENIDE,1.243293413,https://doi.org/10.1016/j.memsci.2019.117611,124.3293413,6630.898203,45.91293473,16,4.822934023,100,30,81.23811429,100,29.22,Mo,Se,1,2,Mo,Se,12,24,TIP3P
MOLYBDENUM DISELENIDE,1.864670659,https://doi.org/10.1016/j.memsci.2019.117611,279.7005988,14917.36527,103.289177,16,5.633719741,100,30,81.23811429,150,29.22,Mo,Se,1,2,Mo,Se,12,24,TIP3P
MOLYBDENUM DISELENIDE,2.114083832,https://doi.org/10.1016/j.memsci.2019.117611,528.5209581,28187.78443,195.1747512,16,6.27008246,100,30,81.23811429,250,29.22,Mo,Se,1,2,Mo,Se,12,24,TIP3P
MOLYBDENUM DISELENIDE,1.909632164,https://doi.org/10.1016/j.memsci.2019.117611,668.3712575,35646.46707,246.8193397,16,6.504843794,100,30,81.23811429,350,29.22,Mo,Se,1,2,Mo,Se,12,24,TIP3P
MOLYBDENUM DISELENIDE,1.86251497,https://doi.org/10.1016/j.memsci.2019.117611,93.1257485,3551.875986,38.96584786,16,4.533950714,100,41.95,100.2576709,50,29.22,Mo,Se,1,2,Mo,Se,12,24,TIP3P
MOLYBDENUM DISELENIDE,1.243293413,https://doi.org/10.1016/j.memsci.2019.117611,124.3293413,4742.001098,52.02211285,16,4.822934023,100,41.95,100.2576709,100,29.22,Mo,Se,1,2,Mo,Se,12,24,TIP3P
MOLYBDENUM DISELENIDE,3.00502994,https://doi.org/10.1016/j.memsci.2019.117611,450.754491,17192.0664,188.6055275,16,6.110922825,100,41.95,100.2576709,150,29.22,Mo,Se,1,2,Mo,Se,12,24,TIP3P
MOLYBDENUM DISELENIDE,3.419784431,https://doi.org/10.1016/j.memsci.2019.117611,854.9461078,32608.19481,357.7281311,16,6.751038435,100,41.95,100.2576709,250,29.22,Mo,Se,1,2,Mo,Se,12,24,TIP3P
MOLYBDENUM DISELENIDE,3.64188195,https://doi.org/10.1016/j.memsci.2019.117611,1274.658683,48616.30257,533.3450427,16,7.150433722,86,41.95,100.2576709,350,29.22,Mo,Se,1,2,Mo,Se,12,24,TIP3P
MOLYBDENUM DISELENIDE,7.210778443,https://doi.org/10.1016/j.memsci.2019.117611,360.5389222,8669.406004,175.4560282,16,5.887599918,100,66.54,136.7308957,50,29.22,Mo,Se,1,2,Mo,Se,12,24,TIP3P
MOLYBDENUM DISELENIDE,9.328742515,https://doi.org/10.1016/j.memsci.2019.117611,932.8742515,22431.60208,453.9826379,16,6.838270413,100,66.54,136.7308957,100,29.22,Mo,Se,1,2,Mo,Se,12,24,TIP3P
MOLYBDENUM DISELENIDE,10.2502994,https://doi.org/10.1016/j.memsci.2019.117611,1537.54491,36971.32335,748.2452142,16,7.337942209,100,66.54,136.7308957,150,29.22,Mo,Se,1,2,Mo,Se,12,24,TIP3P
MOLYBDENUM DISELENIDE,7.928622754,https://doi.org/10.1016/j.memsci.2019.117611,1982.155689,47662.2949,964.6147559,16,7.591940263,73.68,66.54,136.7308957,250,29.22,Mo,Se,1,2,Mo,Se,12,24,TIP3P
MOLYBDENUM DISELENIDE,6.393156544,https://doi.org/10.1016/j.memsci.2019.117611,2237.60479,53804.74397,1088.928892,16,7.713161283,44.73,66.54,136.7308957,350,29.22,Mo,Se,1,2,Mo,Se,12,24,TIP3P
BORON NITRIDE,15.91584,https://doi.org/10.1016/j.apsusc.2018.12.069,159.1584,10231.61143,68.79080459,9,5.069899933,100,14,32.39121294,10,35.064,B,N,1,1,H,0,10,0,TIP3P
BORON NITRIDE,15.91584,https://doi.org/10.1016/j.apsusc.2018.12.069,397.896,25579.02857,171.9770115,9,5.986190665,100,14,32.39121294,25,35.064,B,N,1,1,H,0,10,0,TIP3P
BORON NITRIDE,15.91584,https://doi.org/10.1016/j.apsusc.2018.12.069,795.792,51158.05714,343.9540229,9,6.679337845,99.32,14,32.39121294,50,35.064,B,N,1,1,H,0,10,0,TIP3P
BORON NITRIDE,15.91584,https://doi.org/10.1016/j.apsusc.2018.12.069,1193.688,76737.08571,515.9310344,9,7.084802953,97.96,14,32.39121294,75,35.064,B,N,1,1,H,0,10,0,TIP3P
BORON NITRIDE,15.91584,https://doi.org/10.1016/j.apsusc.2018.12.069,1591.584,102316.1143,687.9080459,9,7.372485026,97.49,14,32.39121294,100,35.064,B,N,1,1,H,0,10,0,TIP3P
BORON NITRIDE,5.39472,https://doi.org/10.1016/j.apsusc.2018.12.069,53.9472,7831.045161,12.88236909,9,3.98800579,100,6.2,25.96359703,10,35.064,B,N,1,1,F,0,10,0,TIP3P
BORON NITRIDE,5.39472,https://doi.org/10.1016/j.apsusc.2018.12.069,134.868,19577.6129,32.20592274,9,4.904296522,100,6.2,25.96359703,25,35.064,B,N,1,1,F,0,10,0,TIP3P
BORON NITRIDE,5.39472,https://doi.org/10.1016/j.apsusc.2018.12.069,269.736,39155.22581,64.41184547,9,5.597443703,100,6.2,25.96359703,50,35.064,B,N,1,1,F,0,10,0,TIP3P
BORON NITRIDE,5.39472,https://doi.org/10.1016/j.apsusc.2018.12.069,404.604,58732.83871,96.61776821,9,6.002908811,100,6.2,25.96359703,75,35.064,B,N,1,1,F,0,10,0,TIP3P
BORON NITRIDE,5.39472,https://doi.org/10.1016/j.apsusc.2018.12.069,539.472,78310.45161,128.8236909,9,6.290590883,100,6.2,25.96359703,100,35.064,B,N,1,1,F,0,10,0,TIP3P
BORON NITRIDE,78.79584,https://doi.org/10.1016/j.apsusc.2018.12.069,787.9584,44883.70633,287.5127397,9,6.669445297,94.43,15.8,43.30153416,10,35.064,B,N,1,1,F,0,12,0,TIP3P
BORON NITRIDE,78.79584,https://doi.org/10.1016/j.apsusc.2018.12.069,1969.896,112209.2658,718.7818493,9,7.585736028,92,15.8,43.30153416,25,35.064,B,N,1,1,F,0,12,0,TIP3P
BORON NITRIDE,78.79584,https://doi.org/10.1016/j.apsusc.2018.12.069,3939.792,224418.5316,1437.563699,9,8.278883209,81.74,15.8,43.30153416,50,35.064,B,N,1,1,F,0,12,0,TIP3P
BORON NITRIDE,78.79584,https://doi.org/10.1016/j.apsusc.2018.12.069,5909.688,336627.7975,2156.345548,9,8.684348317,54.65,15.8,43.30153416,75,35.064,B,N,1,1,F,0,12,0,TIP3P
BORON NITRIDE,78.79584,https://doi.org/10.1016/j.apsusc.2018.12.069,7879.584,448837.0633,2875.127397,9,8.97203039,50.1,15.8,43.30153416,100,35.064,B,N,1,1,F,0,12,0,TIP3P
BORON NITRIDE,29.26872,https://doi.org/10.1016/j.apsusc.2018.12.069,292.6872,17330.16316,114.969605,9,5.679104462,100,15.2,38.69584001,10,35.064,B,N,1,1,O,H,6,6,TIP3P
BORON NITRIDE,29.26872,https://doi.org/10.1016/j.apsusc.2018.12.069,731.718,43325.40789,287.4240124,9,6.595395194,100,15.2,38.69584001,25,35.064,B,N,1,1,O,H,6,6,TIP3P
BORON NITRIDE,29.26872,https://doi.org/10.1016/j.apsusc.2018.12.069,1463.436,86650.81579,574.8480249,9,7.288542374,97.92,15.2,38.69584001,50,35.064,B,N,1,1,O,H,6,6,TIP3P
BORON NITRIDE,29.26872,https://doi.org/10.1016/j.apsusc.2018.12.069,2195.154,129976.2237,862.2720373,9,7.694007483,94.52,15.2,38.69584001,75,35.064,B,N,1,1,O,H,6,6,TIP3P
BORON NITRIDE,29.26872,https://doi.org/10.1016/j.apsusc.2018.12.069,2926.872,173301.6316,1149.69605,9,7.981689555,93.93,15.2,38.69584001,100,35.064,B,N,1,1,O,H,6,6,TIP3P
BORON NITRIDE,8.64,https://doi.org/10.1021/acs.jpcc.7b06480,86.4,1549.817496,86.4,12.1797,4.458987676,100,67.9,67.9,10,27,B,N,1,1,N,0,12,0,TIP3P
BORON NITRIDE,8.64,https://doi.org/10.1021/acs.jpcc.7b06480,432,7749.087482,432,12.1797,6.068425588,100,67.9,67.9,50,27,B,N,1,1,N,0,12,0,TIP3P
BORON NITRIDE,8.64,https://doi.org/10.1021/acs.jpcc.7b06480,864,15498.17496,864,12.1797,6.761572769,100,67.9,67.9,100,27,B,N,1,1,N,0,12,0,TIP3P
BORON NITRIDE,8.64,https://doi.org/10.1021/acs.jpcc.7b06480,1296,23247.26244,1296,12.1797,7.167037877,100,67.9,67.9,150,27,B,N,1,1,N,0,12,0,TIP3P
BORON NITRIDE,8.64,https://doi.org/10.1021/acs.jpcc.7b06480,1728,30996.34993,1728,12.1797,7.454719949,100,67.9,67.9,200,27,B,N,1,1,N,0,12,0,TIP3P
BORON NITRIDE,3.13632,https://doi.org/10.1021/acs.jpcc.7b06480,31.3632,562.5837512,31.3632,12.1797,3.445635231,100,67.9,67.9,10,27,B,N,1,1,B,0,12,0,TIP3P
BORON NITRIDE,3.13632,https://doi.org/10.1021/acs.jpcc.7b06480,156.816,2812.918756,156.816,12.1797,5.055073144,100,67.9,67.9,50,27,B,N,1,1,B,0,12,0,TIP3P
BORON NITRIDE,3.13632,https://doi.org/10.1021/acs.jpcc.7b06480,313.632,5625.837512,313.632,12.1797,5.748220324,100,67.9,67.9,100,27,B,N,1,1,B,0,12,0,TIP3P
BORON NITRIDE,3.13632,https://doi.org/10.1021/acs.jpcc.7b06480,470.448,8438.756267,470.448,12.1797,6.153685432,100,67.9,67.9,150,27,B,N,1,1,B,0,12,0,TIP3P
BORON NITRIDE,3.13632,https://doi.org/10.1021/acs.jpcc.7b06480,627.264,11251.67502,627.264,12.1797,6.441367505,100,67.9,67.9,200,27,B,N,1,1,B,0,12,0,TIP3P
BORON NITRIDE,23.77728,https://doi.org/10.1021/acs.jpcc.7b06480,237.7728,2964.177454,237.7728,12.1797,5.471315596,100,97.7,97.7,10,27,B,N,1,1,N,0,18,0,TIP3P
BORON NITRIDE,23.77728,https://doi.org/10.1021/acs.jpcc.7b06480,1188.864,14820.88727,1188.864,12.1797,7.080753508,91.63,97.7,97.7,50,27,B,N,1,1,N,0,18,0,TIP3P
BORON NITRIDE,23.77728,https://doi.org/10.1021/acs.jpcc.7b06480,2377.728,29641.77454,2377.728,12.1797,7.773900689,83,97.7,97.7,100,27,B,N,1,1,N,0,18,0,TIP3P
BORON NITRIDE,23.77728,https://doi.org/10.1021/acs.jpcc.7b06480,3566.592,44462.6618,3566.592,12.1797,8.179365797,75.91,97.7,97.7,150,27,B,N,1,1,N,0,18,0,TIP3P
BORON NITRIDE,23.77728,https://doi.org/10.1021/acs.jpcc.7b06480,4755.456,59283.54907,4755.456,12.1797,8.467047869,72,97.7,97.7,200,27,B,N,1,1,N,0,18,0,TIP3P
BORON NITRIDE,20.33856,https://doi.org/10.1021/acs.jpcc.7b06480,203.3856,2535.491906,203.3856,12.1797,5.315103685,100,97.7,97.7,10,27,B,N,1,1,B,0,18,0,TIP3P
BORON NITRIDE,20.33856,https://doi.org/10.1021/acs.jpcc.7b06480,1016.928,12677.45953,1016.928,12.1797,6.924541597,97.14,97.7,97.7,50,27,B,N,1,1,B,0,18,0,TIP3P
BORON NITRIDE,20.33856,https://doi.org/10.1021/acs.jpcc.7b06480,2033.856,25354.91906,2033.856,12.1797,7.617688778,86.93,97.7,97.7,100,27,B,N,1,1,B,0,18,0,TIP3P
BORON NITRIDE,20.33856,https://doi.org/10.1021/acs.jpcc.7b06480,3050.784,38032.37859,3050.784,12.1797,8.023153886,80,97.7,97.7,150,27,B,N,1,1,B,0,18,0,TIP3P
BORON NITRIDE,20.33856,https://doi.org/10.1021/acs.jpcc.7b06480,4067.712,50709.83812,4067.712,12.1797,8.310835958,76.12,97.7,97.7,200,27,B,N,1,1,B,0,18,0,TIP3P
C2N MEMBRANE,35.1,doi: 10.1038/srep29218 ,702,61244.0078,702,17.8829,6.553933404,100,20.4979985,20.4979985,20,27,C,N,2,1,N,0,6,0,TIP3P
C2N MEMBRANE,35.1,doi: 10.1038/srep29218 ,1404,122488.0156,1404,17.8829,7.247080585,100,20.4979985,20.4979985,40,27,C,N,2,1,N,0,6,0,TIP3P
C2N MEMBRANE,35.1,doi: 10.1038/srep29218,2106,183732.0234,2106,17.8829,7.652545693,100,20.4979985,20.4979985,60,27,C,N,2,1,N,0,6,0,TIP3P
C2N MEMBRANE,35.1,doi: 10.1038/srep29218,2808,244976.0312,2808,17.8829,7.940227765,100,20.4979985,20.4979985,80,27,C,N,2,1,N,0,6,0,TIP3P
C2N MEMBRANE,35.1,doi: 10.1038/srep29218,3510,306220.039,3510,17.8829,8.163371316,100,20.4979985,20.4979985,100,27,C,N,2,1,N,0,6,0,TIP3P
